video_id,label,npy_path,frames,features,source
Alright_MVI_0037_00063,Alright,data/landmarks/Alright_MVI_0037_00063.npy,45,258,real
Alright_MVI_0038_00050,Alright,data/landmarks/Alright_MVI_0038_00050.npy,45,258,real
Alright_MVI_0039_00049,Alright,data/landmarks/Alright_MVI_0039_00049.npy,45,258,real
Alright_MVI_0040_00058,Alright,data/landmarks/Alright_MVI_0040_00058.npy,45,258,real
Alright_MVI_0043_00053,Alright,data/landmarks/Alright_MVI_0043_00053.npy,45,258,real
Alright_MVI_0044_00059,Alright,data/landmarks/Alright_MVI_0044_00059.npy,45,258,real
Alright_MVI_0045_00060,Alright,data/landmarks/Alright_MVI_0045_00060.npy,45,258,real
Alright_MVI_0095_00051,Alright,data/landmarks/Alright_MVI_0095_00051.npy,45,258,real
Alright_MVI_0096_00055,Alright,data/landmarks/Alright_MVI_0096_00055.npy,45,258,real
Alright_MVI_0097_00056,Alright,data/landmarks/Alright_MVI_0097_00056.npy,45,258,real
Alright_MVI_9923_00061,Alright,data/landmarks/Alright_MVI_9923_00061.npy,45,258,real
Alright_MVI_9924_00054,Alright,data/landmarks/Alright_MVI_9924_00054.npy,45,258,real
Alright_MVI_9925_00057,Alright,data/landmarks/Alright_MVI_9925_00057.npy,45,258,real
Alright_MVI_9926_00052,Alright,data/landmarks/Alright_MVI_9926_00052.npy,45,258,real
Alright_MVI_9963_00047,Alright,data/landmarks/Alright_MVI_9963_00047.npy,45,258,real
Alright_MVI_9964_00044,Alright,data/landmarks/Alright_MVI_9964_00044.npy,45,258,real
Alright_MVI_9965_00043,Alright,data/landmarks/Alright_MVI_9965_00043.npy,45,258,real
Alright_MVI_9966_00045,Alright,data/landmarks/Alright_MVI_9966_00045.npy,45,258,real
Alright_MVI_9988_00046,Alright,data/landmarks/Alright_MVI_9988_00046.npy,45,258,real
Alright_MVI_9989_00048,Alright,data/landmarks/Alright_MVI_9989_00048.npy,45,258,real
Alright_MVI_9990_00062,Alright,data/landmarks/Alright_MVI_9990_00062.npy,45,258,real
Good_Afternoon_MVI_0046_00039,Good Afternoon,data/landmarks/Good_Afternoon_MVI_0046_00039.npy,45,258,real
Good_Afternoon_MVI_0047_00036,Good Afternoon,data/landmarks/Good_Afternoon_MVI_0047_00036.npy,45,258,real
Good_Afternoon_MVI_0048_00027,Good Afternoon,data/landmarks/Good_Afternoon_MVI_0048_00027.npy,45,258,real
Good_Afternoon_MVI_0049_00031,Good Afternoon,data/landmarks/Good_Afternoon_MVI_0049_00031.npy,45,258,real
Good_Afternoon_MVI_0050_ (1)_00033,Good Afternoon,data/landmarks/Good_Afternoon_MVI_0050_ (1)_00033.npy,45,258,real
Good_Afternoon_MVI_0050_ (2)_00032,Good Afternoon,data/landmarks/Good_Afternoon_MVI_0050_ (2)_00032.npy,45,258,real
Good_Afternoon_MVI_0050_00034,Good Afternoon,data/landmarks/Good_Afternoon_MVI_0050_00034.npy,45,258,real
Good_Afternoon_MVI_0051_00035,Good Afternoon,data/landmarks/Good_Afternoon_MVI_0051_00035.npy,45,258,real
Good_Afternoon_MVI_0101_00029,Good Afternoon,data/landmarks/Good_Afternoon_MVI_0101_00029.npy,45,258,real
Good_Afternoon_MVI_0102_00026,Good Afternoon,data/landmarks/Good_Afternoon_MVI_0102_00026.npy,45,258,real
Good_Afternoon_MVI_0103_00025,Good Afternoon,data/landmarks/Good_Afternoon_MVI_0103_00025.npy,45,258,real
Good_Afternoon_MVI_9936_00037,Good Afternoon,data/landmarks/Good_Afternoon_MVI_9936_00037.npy,45,258,real
Good_Afternoon_MVI_9937_00038,Good Afternoon,data/landmarks/Good_Afternoon_MVI_9937_00038.npy,45,258,real
Good_Afternoon_MVI_9938_00030,Good Afternoon,data/landmarks/Good_Afternoon_MVI_9938_00030.npy,45,258,real
Good_Afternoon_MVI_9939_00028,Good Afternoon,data/landmarks/Good_Afternoon_MVI_9939_00028.npy,45,258,real
Good_Afternoon_MVI_9972_00021,Good Afternoon,data/landmarks/Good_Afternoon_MVI_9972_00021.npy,45,258,real
Good_Afternoon_MVI_9973_00022,Good Afternoon,data/landmarks/Good_Afternoon_MVI_9973_00022.npy,45,258,real
Good_Afternoon_MVI_9974_00023,Good Afternoon,data/landmarks/Good_Afternoon_MVI_9974_00023.npy,45,258,real
Good_Afternoon_MVI_9975_00024,Good Afternoon,data/landmarks/Good_Afternoon_MVI_9975_00024.npy,45,258,real
Good_Afternoon_MVI_9994_00041,Good Afternoon,data/landmarks/Good_Afternoon_MVI_9994_00041.npy,45,258,real
Good_Afternoon_MVI_9995_00040,Good Afternoon,data/landmarks/Good_Afternoon_MVI_9995_00040.npy,45,258,real
Good_Afternoon_MVI_9996_00042,Good Afternoon,data/landmarks/Good_Afternoon_MVI_9996_00042.npy,45,258,real
Good_Morning_MVI_0042_00006,Good Morning,data/landmarks/Good_Morning_MVI_0042_00006.npy,45,258,real
Good_Morning_MVI_0043_00009,Good Morning,data/landmarks/Good_Morning_MVI_0043_00009.npy,45,258,real
Good_Morning_MVI_0044_00010,Good Morning,data/landmarks/Good_Morning_MVI_0044_00010.npy,45,258,real
Good_Morning_MVI_0045_00013,Good Morning,data/landmarks/Good_Morning_MVI_0045_00013.npy,45,258,real
Good_Morning_MVI_0046_00015,Good Morning,data/landmarks/Good_Morning_MVI_0046_00015.npy,45,258,real
Good_Morning_MVI_0047_00014,Good Morning,data/landmarks/Good_Morning_MVI_0047_00014.npy,45,258,real
Good_Morning_MVI_0048_00002,Good Morning,data/landmarks/Good_Morning_MVI_0048_00002.npy,45,258,real
Good_Morning_MVI_0098_00005,Good Morning,data/landmarks/Good_Morning_MVI_0098_00005.npy,45,258,real
Good_Morning_MVI_0099_00004,Good Morning,data/landmarks/Good_Morning_MVI_0099_00004.npy,45,258,real
Good_Morning_MVI_0100_00003,Good Morning,data/landmarks/Good_Morning_MVI_0100_00003.npy,45,258,real
Good_Morning_MVI_9932_00008,Good Morning,data/landmarks/Good_Morning_MVI_9932_00008.npy,45,258,real
Good_Morning_MVI_9933_00007,Good Morning,data/landmarks/Good_Morning_MVI_9933_00007.npy,45,258,real
Good_Morning_MVI_9934_00012,Good Morning,data/landmarks/Good_Morning_MVI_9934_00012.npy,45,258,real
Good_Morning_MVI_9935_00011,Good Morning,data/landmarks/Good_Morning_MVI_9935_00011.npy,45,258,real
Good_Morning_MVI_9968_00020,Good Morning,data/landmarks/Good_Morning_MVI_9968_00020.npy,45,258,real
Good_Morning_MVI_9969_00019,Good Morning,data/landmarks/Good_Morning_MVI_9969_00019.npy,45,258,real
Good_Morning_MVI_9970_00001,Good Morning,data/landmarks/Good_Morning_MVI_9970_00001.npy,45,258,real
Good_Morning_MVI_9971_00000,Good Morning,data/landmarks/Good_Morning_MVI_9971_00000.npy,45,258,real
Good_Morning_MVI_9991_00018,Good Morning,data/landmarks/Good_Morning_MVI_9991_00018.npy,45,258,real
Good_Morning_MVI_9992_00017,Good Morning,data/landmarks/Good_Morning_MVI_9992_00017.npy,45,258,real
Good_Morning_MVI_9993_00016,Good Morning,data/landmarks/Good_Morning_MVI_9993_00016.npy,45,258,real
Hello_MVI_0029_00085,Hello,data/landmarks/Hello_MVI_0029_00085.npy,45,258,real
Hello_MVI_0030_00100,Hello,data/landmarks/Hello_MVI_0030_00100.npy,45,258,real
Hello_MVI_0031_00105,Hello,data/landmarks/Hello_MVI_0031_00105.npy,45,258,real
Hello_MVI_0032_00099,Hello,data/landmarks/Hello_MVI_0032_00099.npy,45,258,real
Hello_MVI_0037_00096,Hello,data/landmarks/Hello_MVI_0037_00096.npy,45,258,real
Hello_MVI_0038_00087,Hello,data/landmarks/Hello_MVI_0038_00087.npy,45,258,real
Hello_MVI_0039_00086,Hello,data/landmarks/Hello_MVI_0039_00086.npy,45,258,real
Hello_MVI_0089_00088,Hello,data/landmarks/Hello_MVI_0089_00088.npy,45,258,real
Hello_MVI_0090_00093,Hello,data/landmarks/Hello_MVI_0090_00093.npy,45,258,real
Hello_MVI_0091_00094,Hello,data/landmarks/Hello_MVI_0091_00094.npy,45,258,real
Hello_MVI_9914_00089,Hello,data/landmarks/Hello_MVI_9914_00089.npy,45,258,real
Hello_MVI_9915_00090,Hello,data/landmarks/Hello_MVI_9915_00090.npy,45,258,real
Hello_MVI_9916_00092,Hello,data/landmarks/Hello_MVI_9916_00092.npy,45,258,real
Hello_MVI_9917_00091,Hello,data/landmarks/Hello_MVI_9917_00091.npy,45,258,real
Hello_MVI_9954_00103,Hello,data/landmarks/Hello_MVI_9954_00103.npy,45,258,real
Hello_MVI_9955_00102,Hello,data/landmarks/Hello_MVI_9955_00102.npy,45,258,real
Hello_MVI_9956_00097,Hello,data/landmarks/Hello_MVI_9956_00097.npy,45,258,real
Hello_MVI_9957_00098,Hello,data/landmarks/Hello_MVI_9957_00098.npy,45,258,real
Hello_MVI_9982_00101,Hello,data/landmarks/Hello_MVI_9982_00101.npy,45,258,real
Hello_MVI_9983_00104,Hello,data/landmarks/Hello_MVI_9983_00104.npy,45,258,real
Hello_MVI_9984_00095,Hello,data/landmarks/Hello_MVI_9984_00095.npy,45,258,real
How_Are_You_MVI_0033_00084,How Are You,data/landmarks/How_Are_You_MVI_0033_00084.npy,45,258,real
How_Are_You_MVI_0034_00080,How Are You,data/landmarks/How_Are_You_MVI_0034_00080.npy,45,258,real
How_Are_You_MVI_0035_00079,How Are You,data/landmarks/How_Are_You_MVI_0035_00079.npy,45,258,real
How_Are_You_MVI_0036_00082,How Are You,data/landmarks/How_Are_You_MVI_0036_00082.npy,45,258,real
How_Are_You_MVI_0040_00073,How Are You,data/landmarks/How_Are_You_MVI_0040_00073.npy,45,258,real
How_Are_You_MVI_0041_00070,How Are You,data/landmarks/How_Are_You_MVI_0041_00070.npy,45,258,real
How_Are_You_MVI_0042_00068,How Are You,data/landmarks/How_Are_You_MVI_0042_00068.npy,45,258,real
How_Are_You_MVI_0092_00077,How Are You,data/landmarks/How_Are_You_MVI_0092_00077.npy,45,258,real
How_Are_You_MVI_0093_00074,How Are You,data/landmarks/How_Are_You_MVI_0093_00074.npy,45,258,real
How_Are_You_MVI_0094_00069,How Are You,data/landmarks/How_Are_You_MVI_0094_00069.npy,45,258,real
How_Are_You_MVI_9918_00071,How Are You,data/landmarks/How_Are_You_MVI_9918_00071.npy,45,258,real
How_Are_You_MVI_9919_00072,How Are You,data/landmarks/How_Are_You_MVI_9919_00072.npy,45,258,real
How_Are_You_MVI_9920_00076,How Are You,data/landmarks/How_Are_You_MVI_9920_00076.npy,45,258,real
How_Are_You_MVI_9921_00075,How Are You,data/landmarks/How_Are_You_MVI_9921_00075.npy,45,258,real
How_Are_You_MVI_9959_00064,How Are You,data/landmarks/How_Are_You_MVI_9959_00064.npy,45,258,real
How_Are_You_MVI_9960_00066,How Are You,data/landmarks/How_Are_You_MVI_9960_00066.npy,45,258,real
How_Are_You_MVI_9961_00067,How Are You,data/landmarks/How_Are_You_MVI_9961_00067.npy,45,258,real
How_Are_You_MVI_9962_00065,How Are You,data/landmarks/How_Are_You_MVI_9962_00065.npy,45,258,real
How_Are_You_MVI_9985_00083,How Are You,data/landmarks/How_Are_You_MVI_9985_00083.npy,45,258,real
How_Are_You_MVI_9986_00081,How Are You,data/landmarks/How_Are_You_MVI_9986_00081.npy,45,258,real
How_Are_You_MVI_9987_00078,How Are You,data/landmarks/How_Are_You_MVI_9987_00078.npy,45,258,real
include_Afternoon_MVI_4655,Afternoon,data/landmarks/include_Afternoon_MVI_4655.npy,45,258,real
include_Afternoon_MVI_4656,Afternoon,data/landmarks/include_Afternoon_MVI_4656.npy,45,258,real
include_Afternoon_MVI_4657,Afternoon,data/landmarks/include_Afternoon_MVI_4657.npy,45,258,real
include_Afternoon_MVI_4658,Afternoon,data/landmarks/include_Afternoon_MVI_4658.npy,45,258,real
include_Afternoon_MVI_5063,Afternoon,data/landmarks/include_Afternoon_MVI_5063.npy,45,258,real
include_Afternoon_MVI_5064,Afternoon,data/landmarks/include_Afternoon_MVI_5064.npy,45,258,real
include_Afternoon_MVI_5065,Afternoon,data/landmarks/include_Afternoon_MVI_5065.npy,45,258,real
include_Afternoon_MVI_5511,Afternoon,data/landmarks/include_Afternoon_MVI_5511.npy,45,258,real
include_Afternoon_MVI_5512,Afternoon,data/landmarks/include_Afternoon_MVI_5512.npy,45,258,real
include_Afternoon_MVI_5513,Afternoon,data/landmarks/include_Afternoon_MVI_5513.npy,45,258,real
include_Afternoon_MVI_5514,Afternoon,data/landmarks/include_Afternoon_MVI_5514.npy,45,258,real
include_Afternoon_MVI_9191,Afternoon,data/landmarks/include_Afternoon_MVI_9191.npy,45,258,real
include_Afternoon_MVI_9192,Afternoon,data/landmarks/include_Afternoon_MVI_9192.npy,45,258,real
include_Afternoon_MVI_9193,Afternoon,data/landmarks/include_Afternoon_MVI_9193.npy,45,258,real
include_Evening_MVI_4659,Evening,data/landmarks/include_Evening_MVI_4659.npy,45,258,real
include_Evening_MVI_4660,Evening,data/landmarks/include_Evening_MVI_4660.npy,45,258,real
include_Evening_MVI_4661,Evening,data/landmarks/include_Evening_MVI_4661.npy,45,258,real
include_Evening_MVI_4662,Evening,data/landmarks/include_Evening_MVI_4662.npy,45,258,real
include_Evening_MVI_5070,Evening,data/landmarks/include_Evening_MVI_5070.npy,45,258,real
include_Evening_MVI_5071,Evening,data/landmarks/include_Evening_MVI_5071.npy,45,258,real
include_Evening_MVI_5072,Evening,data/landmarks/include_Evening_MVI_5072.npy,45,258,real
include_Evening_MVI_5515,Evening,data/landmarks/include_Evening_MVI_5515.npy,45,258,real
include_Evening_MVI_5517,Evening,data/landmarks/include_Evening_MVI_5517.npy,45,258,real
include_Evening_MVI_5518,Evening,data/landmarks/include_Evening_MVI_5518.npy,45,258,real
include_Evening_MVI_5519,Evening,data/landmarks/include_Evening_MVI_5519.npy,45,258,real
include_Evening_MVI_9194,Evening,data/landmarks/include_Evening_MVI_9194.npy,45,258,real
include_Evening_MVI_9195,Evening,data/landmarks/include_Evening_MVI_9195.npy,45,258,real
include_Evening_MVI_9196,Evening,data/landmarks/include_Evening_MVI_9196.npy,45,258,real
include_Morning_MVI_4651,Morning,data/landmarks/include_Morning_MVI_4651.npy,45,258,real
include_Morning_MVI_4652,Morning,data/landmarks/include_Morning_MVI_4652.npy,45,258,real
include_Morning_MVI_4653,Morning,data/landmarks/include_Morning_MVI_4653.npy,45,258,real
include_Morning_MVI_4654,Morning,data/landmarks/include_Morning_MVI_4654.npy,45,258,real
include_Morning_MVI_5060,Morning,data/landmarks/include_Morning_MVI_5060.npy,45,258,real
include_Morning_MVI_5061,Morning,data/landmarks/include_Morning_MVI_5061.npy,45,258,real
include_Morning_MVI_5062,Morning,data/landmarks/include_Morning_MVI_5062.npy,45,258,real
include_Morning_MVI_5507,Morning,data/landmarks/include_Morning_MVI_5507.npy,45,258,real
include_Morning_MVI_5508,Morning,data/landmarks/include_Morning_MVI_5508.npy,45,258,real
include_Morning_MVI_5509,Morning,data/landmarks/include_Morning_MVI_5509.npy,45,258,real
include_Morning_MVI_5510,Morning,data/landmarks/include_Morning_MVI_5510.npy,45,258,real
include_Morning_MVI_9188,Morning,data/landmarks/include_Morning_MVI_9188.npy,45,258,real
include_Morning_MVI_9189,Morning,data/landmarks/include_Morning_MVI_9189.npy,45,258,real
include_Morning_MVI_9190,Morning,data/landmarks/include_Morning_MVI_9190.npy,45,258,real
include_Night_MVI_4663,Night,data/landmarks/include_Night_MVI_4663.npy,45,258,real
include_Night_MVI_4664,Night,data/landmarks/include_Night_MVI_4664.npy,45,258,real
include_Night_MVI_4665,Night,data/landmarks/include_Night_MVI_4665.npy,45,258,real
include_Night_MVI_4666,Night,data/landmarks/include_Night_MVI_4666.npy,45,258,real
include_Night_MVI_5073,Night,data/landmarks/include_Night_MVI_5073.npy,45,258,real
include_Night_MVI_5074,Night,data/landmarks/include_Night_MVI_5074.npy,45,258,real
include_Night_MVI_5076,Night,data/landmarks/include_Night_MVI_5076.npy,45,258,real
include_Night_MVI_5520,Night,data/landmarks/include_Night_MVI_5520.npy,45,258,real
include_Night_MVI_5521,Night,data/landmarks/include_Night_MVI_5521.npy,45,258,real
include_Night_MVI_5522,Night,data/landmarks/include_Night_MVI_5522.npy,45,258,real
include_Night_MVI_5523,Night,data/landmarks/include_Night_MVI_5523.npy,45,258,real
include_Night_MVI_9197,Night,data/landmarks/include_Night_MVI_9197.npy,45,258,real
include_Night_MVI_9198,Night,data/landmarks/include_Night_MVI_9198.npy,45,258,real
include_Night_MVI_9199,Night,data/landmarks/include_Night_MVI_9199.npy,45,258,real
include_Night_MVI_9200,Night,data/landmarks/include_Night_MVI_9200.npy,45,258,real
include_Second_MVI_5056,Second,data/landmarks/include_Second_MVI_5056.npy,45,258,real
include_Second_MVI_5057,Second,data/landmarks/include_Second_MVI_5057.npy,45,258,real
include_Second_MVI_5058,Second,data/landmarks/include_Second_MVI_5058.npy,45,258,real
include_Second_MVI_9185,Second,data/landmarks/include_Second_MVI_9185.npy,45,258,real
include_Second_MVI_9186,Second,data/landmarks/include_Second_MVI_9186.npy,45,258,real
include_Second_MVI_9187,Second,data/landmarks/include_Second_MVI_9187.npy,45,258,real
include_Second_MVI_9208,Second,data/landmarks/include_Second_MVI_9208.npy,45,258,real
include_Second_MVI_9209,Second,data/landmarks/include_Second_MVI_9209.npy,45,258,real
include_Second_MVI_9210,Second,data/landmarks/include_Second_MVI_9210.npy,45,258,real
include_Second_MVI_9211,Second,data/landmarks/include_Second_MVI_9211.npy,45,258,real
include_Second_MVI_9212,Second,data/landmarks/include_Second_MVI_9212.npy,45,258,real
include_Second_MVI_9213,Second,data/landmarks/include_Second_MVI_9213.npy,45,258,real
include_Second_MVI_9214,Second,data/landmarks/include_Second_MVI_9214.npy,45,258,real
include_Second_MVI_9215,Second,data/landmarks/include_Second_MVI_9215.npy,45,258,real
include_Second_MVI_9216,Second,data/landmarks/include_Second_MVI_9216.npy,45,258,real
include_Time_MVI_4667,Time,data/landmarks/include_Time_MVI_4667.npy,45,258,real
include_Time_MVI_4668,Time,data/landmarks/include_Time_MVI_4668.npy,45,258,real
include_Time_MVI_4669,Time,data/landmarks/include_Time_MVI_4669.npy,45,258,real
include_Time_MVI_4670,Time,data/landmarks/include_Time_MVI_4670.npy,45,258,real
include_Time_MVI_5077,Time,data/landmarks/include_Time_MVI_5077.npy,45,258,real
include_Time_MVI_5078,Time,data/landmarks/include_Time_MVI_5078.npy,45,258,real
include_Time_MVI_5079,Time,data/landmarks/include_Time_MVI_5079.npy,45,258,real
include_Time_MVI_5524,Time,data/landmarks/include_Time_MVI_5524.npy,45,258,real
include_Time_MVI_5525,Time,data/landmarks/include_Time_MVI_5525.npy,45,258,real
include_Time_MVI_5526,Time,data/landmarks/include_Time_MVI_5526.npy,45,258,real
include_Time_MVI_5527,Time,data/landmarks/include_Time_MVI_5527.npy,45,258,real
include_Time_MVI_9201,Time,data/landmarks/include_Time_MVI_9201.npy,45,258,real
include_Time_MVI_9202,Time,data/landmarks/include_Time_MVI_9202.npy,45,258,real
include_Time_MVI_9203,Time,data/landmarks/include_Time_MVI_9203.npy,45,258,real
include_Time_MVI_9204,Time,data/landmarks/include_Time_MVI_9204.npy,45,258,real
